t,n_valid,speed_relerr,tau_corr,tau_sign_agree,tau_bulk_mean_relerr,ramp_confounded
0,149212,0,nan,1,0,1
0.0595549,149212,0.000152994,-0.961977,0.0864207,0.0224763,1
0.11911,149212,3.11071e-05,0.646594,0.330329,-0.0129115,1
0.178665,149214,6.86695e-05,0.757947,0.82322,0.0118441,1
0.238219,149216,2.53945e-05,0.984162,0.941159,0.00944921,1
0.297774,149215,9.04673e-05,0.430227,0.289341,0.0077981,1
0.357329,149214,1.1882e-05,0.987991,0.974051,-0.00565838,1
0.416884,149212,0.000117461,0.959173,0.135988,-0.0115326,1
0.476439,149213,2.8043e-05,0.996473,0.723322,0.000186102,1
0.535994,149216,7.31468e-05,0.955468,0.294694,0.015597,1
0.595549,149237,2.97143e-05,0.844371,0.931337,0.0018509,1
0.655103,149217,6.41083e-05,0.856441,0.205908,-0.00154769,1
0.714658,149211,2.9537e-05,0.997239,0.838095,-0.000379116,1
0.774213,149215,3.60105e-05,0.999075,0.67321,-0.000350794,1
0.833768,149218,1.81257e-05,0.997333,0.67644,-0.000342968,1
0.893323,149205,4.36422e-05,0.984998,0.408069,0.000503827,1
0.952878,149216,2.00437e-05,0.991735,0.875623,0.00574629,1
1.01243,149213,4.01026e-05,0.999512,0.61059,0.000303102,1
1.07199,149216,3.36187e-05,0.999471,0.744451,-0.000156368,1
1.13154,149214,2.84549e-05,0.999072,0.649497,0.000140336,1
1.1911,149211,6.25302e-05,0.990559,0.81931,0.0100567,1
1.25065,149216,4.75319e-05,0.980539,0.336526,0.000255608,1
1.31021,149214,4.57789e-05,0.999502,0.648605,0.000129017,1
1.36976,149212,2.38671e-05,0.999642,0.692518,-0.000429414,1
1.42932,149215,3.69397e-05,0.999409,0.681667,-0.000246555,1
1.48887,149209,3.87269e-05,0.99936,0.657688,7.7247e-05,1
1.54843,149218,5.33017e-05,0.983972,0.36568,-0.00153555,1
1.60798,149214,4.15809e-05,0.99939,0.628131,-6.01927e-05,1
1.66754,149211,2.24572e-05,0.999583,0.711435,-0.000344045,1
1.72709,149215,4.05924e-05,0.999606,0.670804,-8.25803e-05,1
1.78665,149208,3.50686e-05,0.998194,0.648719,0.000137121,1
1.8462,149223,2.44887e-05,0.975762,0.786079,-0.00806032,1
1.90576,149217,3.89996e-05,0.999216,0.657981,-0.000115122,1
1.96531,149218,1.75775e-05,0.999728,0.67585,-0.000730578,1
2.02487,149212,3.83074e-05,0.999764,0.673646,-0.000216712,1
2.08442,149211,2.61411e-05,0.999103,0.647137,0.000127991,1
2.14397,149201,4.09032e-05,0.974612,0.432591,-0.000919556,1
2.20353,149212,3.67265e-05,0.999584,0.627403,0.000328945,1
2.26308,149216,2.13537e-05,0.999821,0.68756,-0.00106718,1
2.32264,149215,4.1318e-05,0.999892,0.678906,-0.000149343,1
2.38219,149212,2.21167e-05,0.999545,0.678397,-0.000291666,1
2.44175,149240,2.8937e-05,0.983485,0.861418,-0.000548824,1
2.5013,149223,3.81463e-05,0.999524,0.612305,1.0712e-05,1
2.56086,149211,1.95442e-05,0.999822,0.656882,-0.00215549,1
2.62041,149218,4.4137e-05,0.999445,0.667272,-0.00855817,1
2.67997,149209,2.15792e-05,0.999529,0.662393,8.983e-05,1
2.73952,149129,5.89249e-05,0.698922,0.562466,-0.0013674,1
2.79908,149216,3.19198e-05,0.998905,0.619123,-0.0019659,1
2.85863,149218,2.71182e-05,0.99924,0.644795,0.00199595,1
2.91819,149217,4.14147e-05,0.999793,0.661533,-0.000864381,1
2.97774,149217,1.52759e-05,0.999384,0.622409,0.00052469,1
3.0373,149435,5.40817e-05,0.964466,0.76541,0.000588957,1
3.09685,149220,2.61883e-05,0.998907,0.550764,-0.000865751,1
3.15641,149219,5.14821e-05,0.999743,0.610706,-0.000184746,1
3.21596,149222,2.97408e-05,0.999604,0.649971,-0.000576286,1
3.27552,149213,3.73172e-05,0.999446,0.594204,0.000605662,1
3.33507,149211,0.000132274,0.885459,0.37965,0.000167685,1
3.39463,149219,1.92396e-05,0.998674,0.605486,0.00106984,1
3.45418,149217,4.0884e-05,0.999876,0.660763,-0.000774511,1
3.51374,149216,2.98908e-05,0.999846,0.668809,-0.000690308,1
3.57329,149216,3.97901e-05,0.999574,0.623036,-0.000594438,1
3.63285,149211,2.65168e-05,0.949625,0.735536,-0.0057058,1
3.6924,149213,4.50512e-05,0.999609,0.65306,-0.000774097,1
3.75196,149219,5.65125e-05,0.999807,0.61326,-0.000517843,1
3.81151,149215,2.98911e-05,0.999792,0.683041,0.000571619,1
3.87107,149216,6.39481e-05,0.999699,0.629323,-0.000344202,1
3.93062,149215,7.0678e-05,0.9918,0.582589,0.00632321,1
3.99018,149215,4.94816e-05,0.999255,0.592534,-0.000651593,1
4.04973,149214,5.87581e-05,0.999767,0.586078,0.000791502,1
4.10929,149215,2.95101e-05,0.999886,0.766518,-0.000704403,1
4.16884,149215,6.20904e-05,0.999881,0.638327,-0.0003245,1
4.2284,149218,3.62254e-05,0.981035,0.678524,0.0115819,1
4.28795,149209,5.71891e-05,0.998384,0.675361,0.000974161,1
4.3475,149216,5.57317e-05,0.999717,0.605116,7.40966e-05,1
4.40706,149211,2.96666e-05,0.999909,0.841848,-0.000271612,1
4.46661,149211,6.66012e-05,0.999772,0.624666,-0.000518239,1
4.52617,149209,2.46129e-05,0.998287,0.666588,0.00106038,1
4.58572,149207,4.26558e-05,0.98684,0.412474,0.000957459,1
4.64528,149209,4.56081e-05,0.999804,0.605547,0.000151233,1
4.70483,149219,3.39558e-05,0.999878,0.691688,0.000766022,1
4.76439,149215,5.95666e-05,0.999887,0.654639,-0.00105004,1
4.82394,149205,3.11449e-05,0.993165,0.588305,-0.0133039,1
4.8835,149221,7.174e-05,0.992396,0.548388,0.00215176,1
4.94305,149211,6.27899e-05,0.999698,0.584742,-0.00201477,1
5.00261,149218,3.79105e-05,0.999827,0.659947,0.000618449,1
5.06216,149216,7.11987e-05,0.999874,0.638846,-0.000729904,1
5.12172,149211,2.77425e-05,0.99934,0.604989,-0.000580569,1
5.18127,149219,6.70485e-05,0.99723,0.669908,-4.39702e-05,1
5.24083,149216,4.98539e-05,0.999506,0.579904,-0.00474324,1
5.30038,149218,4.55035e-05,0.999923,0.648963,1.60914e-05,1
5.35994,149214,7.48342e-05,0.999867,0.632233,-0.00042178,1
5.41949,149217,1.92149e-05,0.999681,0.654269,0.000364991,1
5.47905,149204,8.69096e-05,0.979647,0.554978,0.00317943,1
5.5386,149209,5.89368e-05,0.999754,0.579181,0.00066722,1
5.59816,149214,4.02282e-05,0.999906,0.664086,-0.00112165,1
5.65771,149217,8.30915e-05,0.999865,0.628574,-0.000274112,1
5.71727,149216,2.96489e-05,0.999662,0.592899,-0.000269977,1
5.77682,149304,7.33498e-05,0.974845,0.529591,0.000901546,1
5.83638,149219,3.79256e-05,0.999823,0.592552,1.10829e-05,1
5.89593,149218,5.26863e-05,0.999944,0.641377,-0.00072849,1
5.95549,149213,5.80515e-05,0.999938,0.647176,0.000143091,1
6.01504,149217,3.99606e-05,0.999678,0.603403,-0.00102027,1
6.0746,149288,0.000113472,0.967326,0.662967,0.0105017,1
6.13415,149212,5.09284e-05,0.999656,0.619474,-0.000282522,1
6.19371,149220,4.35871e-05,0.999945,0.627496,-0.00107148,1
6.25326,149219,6.64101e-05,0.999961,0.645729,3.82947e-05,1
6.31282,149211,1.83127e-05,0.999772,0.622856,0.000317965,1
6.37237,149173,6.88273e-05,0.993774,0.630241,-0.000230119,1
6.43192,149209,2.99109e-05,0.99985,0.58719,0.00014861,1
6.49148,149214,4.94674e-05,0.999877,0.609574,0.000370628,1
6.55103,149220,5.21882e-05,0.999928,0.644619,-0.000244235,1
6.61059,149215,3.8012e-05,0.999882,0.5835,0.000206655,1
6.67014,149204,5.81835e-05,0.993962,0.654507,-0.00263963,1
6.7297,149216,3.39409e-05,0.99938,0.587564,-0.000384343,1
6.78925,149215,4.37375e-05,0.999895,0.614201,-0.000535162,1
6.84881,149223,4.55232e-05,0.999946,0.663316,-0.0049512,1
6.90836,149212,2.93877e-05,0.999854,0.605038,-0.000224825,1
6.96792,149212,4.73295e-05,0.996995,0.578767,0.00431111,1
7.02747,149209,3.06314e-05,0.999024,0.590447,-0.000277737,1
7.08703,149216,4.04443e-05,0.999961,0.592926,-0.000623538,1
7.14658,149223,5.28011e-05,0.999941,0.672584,-0.0061905,1
7.20614,149212,2.08538e-05,0.999806,0.610755,-0.00139914,1
7.26569,149210,5.98703e-05,0.999551,0.653341,-0.000514413,1
7.32525,149206,3.69706e-05,0.996814,0.596317,-0.00157182,1
7.3848,149212,3.25188e-05,0.999936,0.591822,-0.000413672,1
7.44436,149221,3.92936e-05,0.999969,0.780279,-0.00933437,1
7.50391,149218,1.77777e-05,0.99989,0.624791,0.000935663,1
7.56347,149209,4.13604e-05,0.998506,0.597109,-0.000583693,1
7.62302,149210,3.82033e-05,0.998719,0.593794,0.000897408,1
7.68258,149217,3.28031e-05,0.999835,0.590817,-0.000165713,1
7.74213,149221,5.41387e-05,0.999965,0.741819,-0.016168,1
7.80169,149217,3.1164e-05,0.999636,0.609508,-0.000475004,1
7.86124,149209,5.11831e-05,0.999282,0.597129,-0.000663986,1
7.9208,149209,5.06039e-05,0.998516,0.588584,-0.000718216,1
7.98035,149209,2.78839e-05,0.999776,0.587987,-0.000109951,1
8.03991,149218,5.0758e-05,0.99996,0.654351,-0.00476735,1
8.09946,149216,2.33015e-05,0.999793,0.630777,-0.000769277,1
8.15902,149218,4.38581e-05,0.999684,0.609022,-0.000605322,1
8.21857,149214,2.91596e-05,0.998363,0.616504,-0.000247931,1
8.27813,149216,3.65726e-05,0.999939,0.614653,-0.000158103,1
8.33768,149223,4.89923e-05,0.999947,0.643634,-0.00185746,1
8.39724,149219,1.79668e-05,0.999875,0.614071,0.000108804,1
8.45679,149210,4.38398e-05,0.999601,0.60317,-3.26024e-05,1
8.51635,149190,4.4022e-05,0.991617,0.628809,0.000731523,1
8.5759,149209,1.90752e-05,0.999798,0.628307,-0.000509438,1
8.63545,149216,3.67218e-05,0.999954,0.620148,-0.00182526,1
8.69501,149211,3.13603e-05,0.999963,0.629123,-0.000648304,1
8.75456,149216,3.02392e-05,0.999671,0.609231,-0.000808317,1
8.81412,149190,3.54577e-05,0.998805,0.607534,0.00161371,1
8.87367,149213,2.45159e-05,0.999623,0.620449,0.000460077,1
8.93323,149218,4.27793e-05,0.999913,0.639782,-0.00227458,1
8.99278,149215,2.76206e-05,0.99989,0.628844,-0.00100616,1
9.05234,149216,3.60293e-05,0.999829,0.622963,-0.000798587,1
9.11189,149191,4.3236e-05,0.991457,0.613844,-0.00166038,1
9.17145,149219,3.02105e-05,0.999735,0.617314,-0.000243427,1
9.231,149213,3.38995e-05,0.999968,0.613271,-0.0013732,1
9.29056,149211,3.48116e-05,0.999835,0.630617,-0.00031691,1
9.35011,149210,2.27599e-05,0.999855,0.627981,-0.0008539,1
9.40967,149239,3.65808e-05,0.999096,0.598041,0.000494451,1
9.46922,149207,2.50409e-05,0.999666,0.608765,-0.000146432,1
9.52878,149214,3.36915e-05,0.999964,0.602765,0.000168227,1
9.58833,149222,3.85992e-05,0.999862,0.627106,-0.000106847,1
9.64789,149216,2.2128e-05,0.999918,0.625375,-0.000526153,1
9.70744,149190,4.11984e-05,0.999074,0.652369,0.00064206,1
9.767,149211,3.48838e-05,0.999556,0.609211,-0.000580122,1
9.82655,149216,2.9606e-05,0.999956,0.611979,-0.000874895,1
9.88611,149215,3.48428e-05,0.999952,0.643977,-0.00682504,1
9.94566,149208,2.59878e-05,0.999794,0.616904,-0.00199519,1
10.0052,149212,2.37946e-05,0.999726,0.634889,-7.68192e-05,1
10.0648,149208,3.25693e-05,0.998974,0.595055,-0.000359784,1
10.1243,149228,2.68336e-05,0.999631,0.617511,-0.00131861,1
10.1839,149221,3.53066e-05,0.999901,0.666046,-0.0110849,1
10.2434,149211,2.42163e-05,0.999678,0.614546,-0.00227042,1
10.303,149206,3.42388e-05,0.999491,0.624251,0.00128902,1
10.3625,149211,3.8098e-05,0.998679,0.635382,-0.000995226,1
10.4221,149212,2.91963e-05,0.999869,0.60664,-0.00146357,1
10.4817,149222,2.70621e-05,0.999883,0.716577,-0.020564,1
10.5412,149213,2.66448e-05,0.999911,0.617788,-0.0062165,1
10.6008,149203,2.42857e-05,0.998969,0.649357,0.00123534,1
10.6603,149211,2.7355e-05,0.995778,0.628942,-0.00296147,1
10.7199,149212,2.3479e-05,0.999546,0.601976,-0.000173488,1
10.7794,149225,2.45057e-05,0.999957,0.72252,0.000429929,1
10.839,149209,2.83203e-05,0.999716,0.599227,-0.000667198,1
10.8985,149212,2.83095e-05,0.999622,0.624755,-0.00121378,1
10.9581,149208,4.05805e-05,0.998642,0.626642,0.000220858,1
11.0176,149214,2.75863e-05,0.999781,0.614252,0.000592519,1
11.0772,149216,2.58015e-05,0.999909,0.70091,-0.00238982,1
11.1368,149215,3.40589e-05,0.999912,0.610468,-0.000564741,1
11.1963,149192,2.49852e-05,0.999077,0.633238,0.00115853,1
11.2559,149198,2.32107e-05,0.999716,0.652073,-0.000363503,1
11.3154,149210,2.82679e-05,0.998516,0.628316,0.000292647,1
11.375,149225,2.45246e-05,0.999957,0.68524,-0.00273684,1
11.4345,149216,2.58852e-05,0.999856,0.613205,-0.000233649,1
11.4941,149224,2.48997e-05,0.999109,0.609299,-0.000168862,1
11.5536,149168,3.4402e-05,0.999812,0.666799,-0.000444827,1
11.6132,149217,3.58887e-05,0.999376,0.609267,0.00099969,0
11.6728,149220,2.46827e-05,0.99995,0.668697,-0.00204102,0
11.7323,149218,2.93387e-05,0.999932,0.643495,0.000292034,0
11.7919,149196,2.87036e-05,0.999894,0.612972,-0.00120914,0
11.8514,149250,2.2768e-05,0.998587,0.646037,0.000333108,0
11.911,149214,2.68265e-05,0.999661,0.598784,-8.60982e-05,0
11.9705,149224,2.86606e-05,0.999795,0.646726,-0.000548943,0
12.0301,149216,2.68371e-05,0.999942,0.636889,0.000346697,0
12.0896,149215,2.56319e-05,0.999341,0.621459,-0.00149275,0
12.1492,149234,4.2175e-05,0.996309,0.618693,-0.00126541,0
12.2087,149216,3.37125e-05,0.999486,0.607234,0.00111677,0
12.2683,149214,2.42736e-05,0.999833,0.660012,-0.0021024,0
12.3279,149216,2.88475e-05,0.999841,0.63203,0.000133366,0
12.3874,149214,3.20158e-05,0.999552,0.613937,-0.000393247,0
12.447,149224,2.70293e-05,0.999058,0.613916,-7.51183e-05,0
12.5065,149204,2.50902e-05,0.999117,0.636585,0.000399241,0
12.5661,149218,2.87955e-05,0.999903,0.641699,-0.00157713,0
12.6256,149222,2.62023e-05,0.999804,0.643008,0.00133438,0
12.6852,149215,2.37081e-05,0.999847,0.622009,-0.000691506,0
12.7447,149237,2.49147e-05,0.999695,0.642609,8.12545e-06,0
12.8043,149200,2.63373e-05,0.999472,0.642125,0.000610697,0
12.8638,149206,2.35495e-05,0.999815,0.627488,-0.0034781,0
12.9234,149221,2.71024e-05,0.999917,0.639702,-0.000246269,0
12.983,149217,3.19389e-05,0.999556,0.61883,-0.0027611,0
13.0425,149189,2.74768e-05,0.999041,0.614207,0.000411706,0
13.1021,149218,2.45978e-05,0.998168,0.615884,0.00151664,0
13.1616,149223,2.75582e-05,0.999782,0.624495,-0.0037461,0
13.2212,149221,3.08141e-05,0.999741,0.686726,-0.0232641,0
13.2807,149210,2.70779e-05,0.999784,0.621929,-0.00770781,0
